USE [master]
GO
/****** Object:  Database [AbonandoAndo2]    Script Date: 14/10/2022 21:26:18 ******/
CREATE DATABASE [AbonandoAndo2]
 CONTAINMENT = NONE
 ON  PRIMARY 
( NAME = N'AbonandoAndo2', FILENAME = N'C:\Program Files\Microsoft SQL Server\MSSQL15.MSSQLSERVER\MSSQL\DATA\AbonandoAndo2.mdf' , SIZE = 8192KB , MAXSIZE = UNLIMITED, FILEGROWTH = 65536KB )
 LOG ON 
( NAME = N'AbonandoAndo2_log', FILENAME = N'C:\Program Files\Microsoft SQL Server\MSSQL15.MSSQLSERVER\MSSQL\DATA\AbonandoAndo2_log.ldf' , SIZE = 8192KB , MAXSIZE = 2048GB , FILEGROWTH = 65536KB )
 WITH CATALOG_COLLATION = DATABASE_DEFAULT
GO
ALTER DATABASE [AbonandoAndo2] SET COMPATIBILITY_LEVEL = 150
GO
IF (1 = FULLTEXTSERVICEPROPERTY('IsFullTextInstalled'))
begin
EXEC [AbonandoAndo2].[dbo].[sp_fulltext_database] @action = 'enable'
end
GO
ALTER DATABASE [AbonandoAndo2] SET ANSI_NULL_DEFAULT OFF 
GO
ALTER DATABASE [AbonandoAndo2] SET ANSI_NULLS OFF 
GO
ALTER DATABASE [AbonandoAndo2] SET ANSI_PADDING OFF 
GO
ALTER DATABASE [AbonandoAndo2] SET ANSI_WARNINGS OFF 
GO
ALTER DATABASE [AbonandoAndo2] SET ARITHABORT OFF 
GO
ALTER DATABASE [AbonandoAndo2] SET AUTO_CLOSE OFF 
GO
ALTER DATABASE [AbonandoAndo2] SET AUTO_SHRINK OFF 
GO
ALTER DATABASE [AbonandoAndo2] SET AUTO_UPDATE_STATISTICS ON 
GO
ALTER DATABASE [AbonandoAndo2] SET CURSOR_CLOSE_ON_COMMIT OFF 
GO
ALTER DATABASE [AbonandoAndo2] SET CURSOR_DEFAULT  GLOBAL 
GO
ALTER DATABASE [AbonandoAndo2] SET CONCAT_NULL_YIELDS_NULL OFF 
GO
ALTER DATABASE [AbonandoAndo2] SET NUMERIC_ROUNDABORT OFF 
GO
ALTER DATABASE [AbonandoAndo2] SET QUOTED_IDENTIFIER OFF 
GO
ALTER DATABASE [AbonandoAndo2] SET RECURSIVE_TRIGGERS OFF 
GO
ALTER DATABASE [AbonandoAndo2] SET  DISABLE_BROKER 
GO
ALTER DATABASE [AbonandoAndo2] SET AUTO_UPDATE_STATISTICS_ASYNC OFF 
GO
ALTER DATABASE [AbonandoAndo2] SET DATE_CORRELATION_OPTIMIZATION OFF 
GO
ALTER DATABASE [AbonandoAndo2] SET TRUSTWORTHY OFF 
GO
ALTER DATABASE [AbonandoAndo2] SET ALLOW_SNAPSHOT_ISOLATION OFF 
GO
ALTER DATABASE [AbonandoAndo2] SET PARAMETERIZATION SIMPLE 
GO
ALTER DATABASE [AbonandoAndo2] SET READ_COMMITTED_SNAPSHOT OFF 
GO
ALTER DATABASE [AbonandoAndo2] SET HONOR_BROKER_PRIORITY OFF 
GO
ALTER DATABASE [AbonandoAndo2] SET RECOVERY FULL 
GO
ALTER DATABASE [AbonandoAndo2] SET  MULTI_USER 
GO
ALTER DATABASE [AbonandoAndo2] SET PAGE_VERIFY CHECKSUM  
GO
ALTER DATABASE [AbonandoAndo2] SET DB_CHAINING OFF 
GO
ALTER DATABASE [AbonandoAndo2] SET FILESTREAM( NON_TRANSACTED_ACCESS = OFF ) 
GO
ALTER DATABASE [AbonandoAndo2] SET TARGET_RECOVERY_TIME = 60 SECONDS 
GO
ALTER DATABASE [AbonandoAndo2] SET DELAYED_DURABILITY = DISABLED 
GO
ALTER DATABASE [AbonandoAndo2] SET ACCELERATED_DATABASE_RECOVERY = OFF  
GO
EXEC sys.sp_db_vardecimal_storage_format N'AbonandoAndo2', N'ON'
GO
ALTER DATABASE [AbonandoAndo2] SET QUERY_STORE = OFF
GO
USE [AbonandoAndo2]
GO
/****** Object:  Table [dbo].[CLIENTE]    Script Date: 14/10/2022 21:26:18 ******/
SET ANSI_NULLS ON
GO
SET QUOTED_IDENTIFIER ON
GO
CREATE TABLE [dbo].[CLIENTE](
	[ID_CLIENTE] [int] IDENTITY(1,1) NOT NULL,
	[CUIL] [bigint] NOT NULL,
	[APELLIDOS] [varchar](50) NOT NULL,
	[NOMBRES] [varchar](50) NOT NULL,
	[DOMICILIO] [varchar](50) NOT NULL,
	[TELEFONO] [varchar](50) NOT NULL,
	[MAIL] [varchar](50) NULL,
 CONSTRAINT [PK_CLIENTE] PRIMARY KEY CLUSTERED 
(
	[ID_CLIENTE] ASC
)WITH (PAD_INDEX = OFF, STATISTICS_NORECOMPUTE = OFF, IGNORE_DUP_KEY = OFF, ALLOW_ROW_LOCKS = ON, ALLOW_PAGE_LOCKS = ON, OPTIMIZE_FOR_SEQUENTIAL_KEY = OFF) ON [PRIMARY]
) ON [PRIMARY]
GO
/****** Object:  Table [dbo].[COMPROBANTE]    Script Date: 14/10/2022 21:26:18 ******/
SET ANSI_NULLS ON
GO
SET QUOTED_IDENTIFIER ON
GO
CREATE TABLE [dbo].[COMPROBANTE](
	[ID_COMPROBANTE] [int] IDENTITY(1,1) NOT NULL,
	[FECHA] [datetime] NOT NULL,
	[ID_EMPRESA] [int] NULL,
	[ID_CLIENTE] [int] NULL,
	[ID_OPERACION] [int] NULL,
	[ID_CONCEPTO] [int] NULL,
 CONSTRAINT [PK_COMPROBANTE] PRIMARY KEY CLUSTERED 
(
	[ID_COMPROBANTE] ASC
)WITH (PAD_INDEX = OFF, STATISTICS_NORECOMPUTE = OFF, IGNORE_DUP_KEY = OFF, ALLOW_ROW_LOCKS = ON, ALLOW_PAGE_LOCKS = ON, OPTIMIZE_FOR_SEQUENTIAL_KEY = OFF) ON [PRIMARY]
) ON [PRIMARY]
GO
/****** Object:  Table [dbo].[CONCEPTO]    Script Date: 14/10/2022 21:26:18 ******/
SET ANSI_NULLS ON
GO
SET QUOTED_IDENTIFIER ON
GO
CREATE TABLE [dbo].[CONCEPTO](
	[ID_CONCEPTO] [int] IDENTITY(1,1) NOT NULL,
	[CONCEPTO] [varchar](50) NOT NULL,
	[DESCRIPCION] [varchar](50) NULL,
	[IMPORTE] [decimal](18, 2) NOT NULL,
 CONSTRAINT [PK_CONCEPTO] PRIMARY KEY CLUSTERED 
(
	[ID_CONCEPTO] ASC
)WITH (PAD_INDEX = OFF, STATISTICS_NORECOMPUTE = OFF, IGNORE_DUP_KEY = OFF, ALLOW_ROW_LOCKS = ON, ALLOW_PAGE_LOCKS = ON, OPTIMIZE_FOR_SEQUENTIAL_KEY = OFF) ON [PRIMARY]
) ON [PRIMARY]
GO
/****** Object:  Table [dbo].[EMPRESA]    Script Date: 14/10/2022 21:26:18 ******/
SET ANSI_NULLS ON
GO
SET QUOTED_IDENTIFIER ON
GO
CREATE TABLE [dbo].[EMPRESA](
	[ID_EMPRESA] [int] IDENTITY(1,1) NOT NULL,
	[RAZON_SOCIAL] [varchar](50) NOT NULL,
	[DOMICILIO] [varchar](50) NULL,
	[ACTIVIDAD] [varchar](50) NOT NULL,
 CONSTRAINT [PK_EMPRESA] PRIMARY KEY CLUSTERED 
(
	[ID_EMPRESA] ASC
)WITH (PAD_INDEX = OFF, STATISTICS_NORECOMPUTE = OFF, IGNORE_DUP_KEY = OFF, ALLOW_ROW_LOCKS = ON, ALLOW_PAGE_LOCKS = ON, OPTIMIZE_FOR_SEQUENTIAL_KEY = OFF) ON [PRIMARY]
) ON [PRIMARY]
GO
/****** Object:  Table [dbo].[OPERACION]    Script Date: 14/10/2022 21:26:18 ******/
SET ANSI_NULLS ON
GO
SET QUOTED_IDENTIFIER ON
GO
CREATE TABLE [dbo].[OPERACION](
	[ID_OPERACION] [int] IDENTITY(1,1) NOT NULL,
	[TIPO] [bit] NOT NULL,
 CONSTRAINT [PK_OPERACION] PRIMARY KEY CLUSTERED 
(
	[ID_OPERACION] ASC
)WITH (PAD_INDEX = OFF, STATISTICS_NORECOMPUTE = OFF, IGNORE_DUP_KEY = OFF, ALLOW_ROW_LOCKS = ON, ALLOW_PAGE_LOCKS = ON, OPTIMIZE_FOR_SEQUENTIAL_KEY = OFF) ON [PRIMARY]
) ON [PRIMARY]
GO
SET IDENTITY_INSERT [dbo].[CLIENTE] ON 
GO
INSERT [dbo].[CLIENTE] ([ID_CLIENTE], [CUIL], [APELLIDOS], [NOMBRES], [DOMICILIO], [TELEFONO], [MAIL]) VALUES (1, 20362854970, N'Perez', N'Martin', N'Sarmiento 645 Wilde', N'1168974522', N'mperez@gmail.com')
GO
INSERT [dbo].[CLIENTE] ([ID_CLIENTE], [CUIL], [APELLIDOS], [NOMBRES], [DOMICILIO], [TELEFONO], [MAIL]) VALUES (2, 27326089435, N'Villalba', N'Lucia', N'La Rioja 1524 Sarandí', N'42075533', N'villalbalucia@gmail.com')
GO
INSERT [dbo].[CLIENTE] ([ID_CLIENTE], [CUIL], [APELLIDOS], [NOMBRES], [DOMICILIO], [TELEFONO], [MAIL]) VALUES (3, 27410354993, N'Ramirez', N'Ana', N'Velez Sarfield 48 Bernal', N'4206-3564', N'anita26@hotmail.com')
GO
INSERT [dbo].[CLIENTE] ([ID_CLIENTE], [CUIL], [APELLIDOS], [NOMBRES], [DOMICILIO], [TELEFONO], [MAIL]) VALUES (5, 27236665551, N'Perez', N'Carla', N'Junin 365 Bernal', N'112586632', N'carla@gmail.com')
GO
SET IDENTITY_INSERT [dbo].[CLIENTE] OFF
GO
SET IDENTITY_INSERT [dbo].[COMPROBANTE] ON 
GO
INSERT [dbo].[COMPROBANTE] ([ID_COMPROBANTE], [FECHA], [ID_EMPRESA], [ID_CLIENTE], [ID_OPERACION], [ID_CONCEPTO]) VALUES (1, CAST(N'2022-09-01T00:00:00.000' AS DateTime), 1, 1, 1, 1)
GO
INSERT [dbo].[COMPROBANTE] ([ID_COMPROBANTE], [FECHA], [ID_EMPRESA], [ID_CLIENTE], [ID_OPERACION], [ID_CONCEPTO]) VALUES (2, CAST(N'2022-09-01T00:00:00.000' AS DateTime), 1, 2, 1, 2)
GO
INSERT [dbo].[COMPROBANTE] ([ID_COMPROBANTE], [FECHA], [ID_EMPRESA], [ID_CLIENTE], [ID_OPERACION], [ID_CONCEPTO]) VALUES (4, CAST(N'2022-09-01T00:00:00.000' AS DateTime), 1, 3, 1, 4)
GO
INSERT [dbo].[COMPROBANTE] ([ID_COMPROBANTE], [FECHA], [ID_EMPRESA], [ID_CLIENTE], [ID_OPERACION], [ID_CONCEPTO]) VALUES (5, CAST(N'2022-09-05T00:00:00.000' AS DateTime), 1, 2, 2, 2)
GO
INSERT [dbo].[COMPROBANTE] ([ID_COMPROBANTE], [FECHA], [ID_EMPRESA], [ID_CLIENTE], [ID_OPERACION], [ID_CONCEPTO]) VALUES (6, CAST(N'2022-09-10T00:00:00.000' AS DateTime), 1, 3, 1, 4)
GO
INSERT [dbo].[COMPROBANTE] ([ID_COMPROBANTE], [FECHA], [ID_EMPRESA], [ID_CLIENTE], [ID_OPERACION], [ID_CONCEPTO]) VALUES (7, CAST(N'2022-09-20T00:00:00.000' AS DateTime), 1, 1, 1, 1)
GO
SET IDENTITY_INSERT [dbo].[COMPROBANTE] OFF
GO
SET IDENTITY_INSERT [dbo].[CONCEPTO] ON 
GO
INSERT [dbo].[CONCEPTO] ([ID_CONCEPTO], [CONCEPTO], [DESCRIPCION], [IMPORTE]) VALUES (1, N'ABONO GOLD', N'PASE LIBRE', CAST(6000.00 AS Decimal(18, 2)))
GO
INSERT [dbo].[CONCEPTO] ([ID_CONCEPTO], [CONCEPTO], [DESCRIPCION], [IMPORTE]) VALUES (2, N'ABONO SILVER', N'PREPARACIÓN FISICA', CAST(5000.00 AS Decimal(18, 2)))
GO
INSERT [dbo].[CONCEPTO] ([ID_CONCEPTO], [CONCEPTO], [DESCRIPCION], [IMPORTE]) VALUES (4, N'ABONO CLASSIC', N'3 CLASES POR SEMANA', CAST(4500.00 AS Decimal(18, 2)))
GO
SET IDENTITY_INSERT [dbo].[CONCEPTO] OFF
GO
SET IDENTITY_INSERT [dbo].[EMPRESA] ON 
GO
INSERT [dbo].[EMPRESA] ([ID_EMPRESA], [RAZON_SOCIAL], [DOMICILIO], [ACTIVIDAD]) VALUES (1, N'TOWER GYM', N'MITRE 123 AVELLANEDA', N'PREPARACION FISICA')
GO
INSERT [dbo].[EMPRESA] ([ID_EMPRESA], [RAZON_SOCIAL], [DOMICILIO], [ACTIVIDAD]) VALUES (2, N'ESTETICA QUEENS', N'MITRE 123 AVELLANEDA', N'TRATAMIENTOS DE BELLEZA')
GO
SET IDENTITY_INSERT [dbo].[EMPRESA] OFF
GO
SET IDENTITY_INSERT [dbo].[OPERACION] ON 
GO
INSERT [dbo].[OPERACION] ([ID_OPERACION], [TIPO]) VALUES (1, 1)
GO
INSERT [dbo].[OPERACION] ([ID_OPERACION], [TIPO]) VALUES (2, 0)
GO
SET IDENTITY_INSERT [dbo].[OPERACION] OFF
GO
ALTER TABLE [dbo].[COMPROBANTE]  WITH CHECK ADD  CONSTRAINT [FK_ID_CLIENTE] FOREIGN KEY([ID_CLIENTE])
REFERENCES [dbo].[CLIENTE] ([ID_CLIENTE])
GO
ALTER TABLE [dbo].[COMPROBANTE] CHECK CONSTRAINT [FK_ID_CLIENTE]
GO
ALTER TABLE [dbo].[COMPROBANTE]  WITH CHECK ADD  CONSTRAINT [FK_ID_CONCEPTO] FOREIGN KEY([ID_CONCEPTO])
REFERENCES [dbo].[CONCEPTO] ([ID_CONCEPTO])
GO
ALTER TABLE [dbo].[COMPROBANTE] CHECK CONSTRAINT [FK_ID_CONCEPTO]
GO
ALTER TABLE [dbo].[COMPROBANTE]  WITH CHECK ADD  CONSTRAINT [FK_ID_OPERACION] FOREIGN KEY([ID_OPERACION])
REFERENCES [dbo].[OPERACION] ([ID_OPERACION])
GO
ALTER TABLE [dbo].[COMPROBANTE] CHECK CONSTRAINT [FK_ID_OPERACION]
GO
ALTER TABLE [dbo].[EMPRESA]  WITH CHECK ADD  CONSTRAINT [FK_EMPRESA_EMPRESA] FOREIGN KEY([ID_EMPRESA])
REFERENCES [dbo].[EMPRESA] ([ID_EMPRESA])
GO
ALTER TABLE [dbo].[EMPRESA] CHECK CONSTRAINT [FK_EMPRESA_EMPRESA]
GO
USE [master]
GO
ALTER DATABASE [AbonandoAndo2] SET  READ_WRITE 
GO
